mut_effects,mag_value,sigma,T_%,stdev T_%,FP_%,stdev FP_%,FN_%,stdev FN_%
SMEs,0.1,0.01,92.490625,3.1862604820345433,0.0,0.0,7.509375,3.1862604820345433
SMEs,0.1,0.02,90.6671875,0.3706485816696861,0.0,0.0,9.3328125,0.3706485816696861
SMEs,0.1,0.03,90.6296875,0.11038595288237538,0.0,0.0,9.3703125,0.11038595288237538
SMEs,0.1,0.04,90.6265625,0.04938587696649722,0.0,0.0,9.3734375,0.04938587696649721
SMEs,0.1,0.05,90.625,0.0,0.0,0.0,9.375,0.0
SMEs,0.1,0.06,90.625,0.0,0.0,0.0,9.375,0.0
SMEs,0.1,0.07,90.625,0.0,0.0,0.0,9.375,0.0
SMEs,0.1,0.08,90.625,0.0,0.0,0.0,9.375,0.0
SMEs,0.1,0.09,90.625,0.0,0.0,0.0,9.375,0.0
SMEs,0.1,0.1,90.625,0.0,0.0,0.0,9.375,0.0
Pairwise EEs,0.1,0.01,87.4640625,9.937852661784826,0.0,0.0,12.5359375,9.937852661784826
Pairwise EEs,0.1,0.02,76.6453125,0.5637810932389893,0.0,0.0,23.3546875,0.5637810932389894
Pairwise EEs,0.1,0.03,76.565625,0.06980721219902708,0.0,0.0,23.434375,0.06980721219902715
Pairwise EEs,0.1,0.04,76.5046875,0.6732018149067559,0.0,0.0,23.4953125,0.6732018149067559
Pairwise EEs,0.1,0.05,76.078125,1.8354553888272522,0.0,0.0,23.921875,1.8354553888272522
Pairwise EEs,0.1,0.06,74.828125,3.2127902957359353,0.0,0.0,25.171875,3.2127902957359353
Pairwise EEs,0.1,0.07,72.9828125,4.075795251677119,0.0,0.0,27.0171875,4.075795251677119
Pairwise EEs,0.1,0.08,71.2234375,4.143752062122413,0.0,0.0,28.7765625,4.143752062122413
Pairwise EEs,0.1,0.09,69.9625,3.7277412312954343,0.0,0.0,30.0375,3.7277412312954343
Pairwise EEs,0.1,0.1,68.7609375,3.030183043537759,0.0,0.0,31.2390625,3.030183043537758
Three-way EEs,0.1,0.01,69.39375,3.8433231470304445,0.0,0.0,30.60625,3.8433231470304445
Three-way EEs,0.1,0.02,68.75,0.0,0.0,0.0,31.25,0.0
Three-way EEs,0.1,0.03,68.75,0.0,0.0,0.0,31.25,0.0
Three-way EEs,0.1,0.04,68.6921875,0.6732018149067559,0.0,0.0,31.3078125,0.6732018149067559
Three-way EEs,0.1,0.05,68.265625,1.8354553888272522,0.0,0.0,31.734375,1.8354553888272522
Three-way EEs,0.1,0.06,67.015625,3.2127902957359353,0.0,0.0,32.984375,3.2127902957359353
Three-way EEs,0.1,0.07,65.16875,4.074122796688878,0.0,0.0,34.83125,4.074122796688878
Three-way EEs,0.1,0.08,63.4109375,4.143752062122413,0.0,0.0,36.5890625,4.143752062122413
Three-way EEs,0.1,0.09,62.15,3.7277412312954343,0.0,0.0,37.85,3.7277412312954343
Three-way EEs,0.1,0.1,60.9484375,3.030183043537759,0.0,0.0,39.0515625,3.030183043537759
Four-way EEs,0.1,0.01,76.5625,0.0,0.0,0.0,23.4375,0.0
Four-way EEs,0.1,0.02,76.5625,0.0,0.0,0.0,23.4375,0.0
Four-way EEs,0.1,0.03,76.5625,0.0,0.0,0.0,23.4375,0.0
Four-way EEs,0.1,0.04,76.5046875,0.6732018149067559,0.0,0.0,23.4953125,0.6732018149067559
Four-way EEs,0.1,0.05,76.078125,1.8354553888272522,0.0,0.0,23.921875,1.8354553888272522
Four-way EEs,0.1,0.06,74.828125,3.2127902957359353,0.0,0.0,25.171875,3.2127902957359353
Four-way EEs,0.1,0.07,72.98125,4.074122796688878,0.0,0.0,27.01875,4.074122796688878
Four-way EEs,0.1,0.08,71.2234375,4.143752062122413,0.0,0.0,28.7765625,4.143752062122413
Four-way EEs,0.1,0.09,69.9625,3.7277412312954343,0.0,0.0,30.0375,3.7277412312954343
Four-way EEs,0.1,0.1,68.7609375,3.030183043537759,0.0,0.0,31.2390625,3.030183043537758
Five-way EEs,0.1,0.01,90.625,0.0,0.0,0.0,9.375,0.0
Five-way EEs,0.1,0.02,90.625,0.0,0.0,0.0,9.375,0.0
Five-way EEs,0.1,0.03,90.625,0.0,0.0,0.0,9.375,0.0
Five-way EEs,0.1,0.04,90.5671875,0.6732018149067559,0.0,0.0,9.4328125,0.6732018149067559
Five-way EEs,0.1,0.05,90.140625,1.8354553888272522,0.0,0.0,9.859375,1.8354553888272522
Five-way EEs,0.1,0.06,88.890625,3.2127902957359353,0.0,0.0,11.109375,3.2127902957359353
Five-way EEs,0.1,0.07,87.04375,4.074122796688878,0.0,0.0,12.95625,4.074122796688878
Five-way EEs,0.1,0.08,85.2859375,4.143752062122413,0.0,0.0,14.7140625,4.143752062122413
Five-way EEs,0.1,0.09,84.025,3.7277412312954343,0.0,0.0,15.975,3.7277412312954343
Five-way EEs,0.1,0.1,82.8234375,3.030183043537759,0.0,0.0,17.1765625,3.030183043537758
Six-way EEs,0.1,0.01,98.4375,0.0,0.0,0.0,1.5625,0.0
Six-way EEs,0.1,0.02,98.4375,0.0,0.0,0.0,1.5625,0.0
Six-way EEs,0.1,0.03,98.4375,0.0,0.0,0.0,1.5625,0.0
Six-way EEs,0.1,0.04,98.3796875,0.6732018149067559,0.0,0.0,1.6203125,0.6732018149067558
Six-way EEs,0.1,0.05,97.953125,1.8354553888272522,0.0,0.0,2.046875,1.8354553888272522
Six-way EEs,0.1,0.06,96.703125,3.2127902957359353,0.0,0.0,3.296875,3.2127902957359353
Six-way EEs,0.1,0.07,94.85625,4.074122796688878,0.0,0.0,5.14375,4.074122796688878
Six-way EEs,0.1,0.08,93.0984375,4.143752062122413,0.0,0.0,6.9015625,4.143752062122413
Six-way EEs,0.1,0.09,91.8375,3.7277412312954343,0.0,0.0,8.1625,3.7277412312954343
Six-way EEs,0.1,0.1,90.6359375,3.030183043537759,0.0,0.0,9.3640625,3.030183043537758
SMEs,0.2,0.01,99.503125,1.8755702257913456,0.0,0.0,0.496875,1.8755702257913458
SMEs,0.2,0.02,92.2046875,2.9625259591425945,0.0,0.0,7.7953125,2.9625259591425945
SMEs,0.2,0.03,90.8921875,1.2039962348752382,0.0,0.0,9.1078125,1.2039962348752382
SMEs,0.2,0.04,90.653125,0.31897969665011594,0.0,0.0,9.346875,0.31897969665011594
SMEs,0.2,0.05,90.6484375,0.2650499289638652,0.0,0.0,9.3515625,0.2650499289638652
SMEs,0.2,0.06,90.625,0.0,0.0,0.0,9.375,0.0
SMEs,0.2,0.07,90.63125,0.12086924753633568,0.0,0.0,9.36875,0.12086924753633578
SMEs,0.2,0.08,90.6265625,0.04938587696649722,0.0,0.0,9.3734375,0.04938587696649721
SMEs,0.2,0.09,90.6265625,0.049385876966497225,0.0,0.0,9.3734375,0.04938587696649722
SMEs,0.2,0.1,90.628125,0.0698072121990271,0.0,0.0,9.371875,0.06980721219902714
Pairwise EEs,0.2,0.01,100.0,0.0,0.0,0.0,0.0,0.0
Pairwise EEs,0.2,0.02,87.35625,9.88551852775058,0.0,0.0,12.64375,9.88551852775058
Pairwise EEs,0.2,0.03,77.3828125,3.097289247647651,0.0,0.0,22.6171875,3.097289247647651
Pairwise EEs,0.2,0.04,76.5921875,0.8708593434612445,0.0,0.0,23.4078125,0.8708593434612445
Pairwise EEs,0.2,0.05,76.1046875,1.8835423896461023,0.0,0.0,23.8953125,1.8835423896461023
Pairwise EEs,0.2,0.06,74.840625,3.2248107381480544,0.0,0.0,25.159375,3.224810738148055
Pairwise EEs,0.2,0.07,72.9828125,4.075795251677119,0.0,0.0,27.0171875,4.075795251677119
Pairwise EEs,0.2,0.08,71.2234375,4.143752062122413,0.0,0.0,28.7765625,4.143752062122413
Pairwise EEs,0.2,0.09,69.9625,3.7277412312954343,0.0,0.0,30.0375,3.7277412312954343
Pairwise EEs,0.2,0.1,68.7609375,3.030183043537759,0.0,0.0,31.2390625,3.030183043537758
Three-way EEs,0.2,0.01,99.975,0.2870240625801258,0.003125,0.06980721219902712,0.021875,0.27865118764326124
Three-way EEs,0.2,0.02,69.4125,4.1234087840038365,0.0,0.0,30.5875,4.1234087840038365
Three-way EEs,0.2,0.03,68.7515625,0.04938587696649721,0.0,0.0,31.2484375,0.04938587696649722
Three-way EEs,0.2,0.04,68.6921875,0.6732018149067559,0.0,0.0,31.3078125,0.6732018149067559
Three-way EEs,0.2,0.05,68.265625,1.8354553888272522,0.0,0.0,31.734375,1.8354553888272522
Three-way EEs,0.2,0.06,67.015625,3.2127902957359353,0.0,0.0,32.984375,3.2127902957359353
Three-way EEs,0.2,0.07,65.16875,4.074122796688878,0.0,0.0,34.83125,4.074122796688878
Three-way EEs,0.2,0.08,63.4109375,4.143752062122413,0.0,0.0,36.5890625,4.143752062122413
Three-way EEs,0.2,0.09,62.15,3.7277412312954343,0.0,0.0,37.85,3.7277412312954343
Three-way EEs,0.2,0.1,60.9484375,3.030183043537759,0.0,0.0,39.0515625,3.030183043537759
Four-way EEs,0.2,0.01,86.0390625,10.846358543416484,0.0,0.0,13.9609375,10.846358543416484
Four-way EEs,0.2,0.02,76.5625,0.0,0.0,0.0,23.4375,0.0
Four-way EEs,0.2,0.03,76.5625,0.0,0.0,0.0,23.4375,0.0
Four-way EEs,0.2,0.04,76.5046875,0.6732018149067559,0.0,0.0,23.4953125,0.6732018149067559
Four-way EEs,0.2,0.05,76.078125,1.8354553888272522,0.0,0.0,23.921875,1.8354553888272522
Four-way EEs,0.2,0.06,74.828125,3.2127902957359353,0.0,0.0,25.171875,3.2127902957359353
Four-way EEs,0.2,0.07,72.98125,4.074122796688878,0.0,0.0,27.01875,4.074122796688878
Four-way EEs,0.2,0.08,71.2234375,4.143752062122413,0.0,0.0,28.7765625,4.143752062122413
Four-way EEs,0.2,0.09,69.9625,3.7277412312954343,0.0,0.0,30.0375,3.7277412312954343
Four-way EEs,0.2,0.1,68.7609375,3.030183043537759,0.0,0.0,31.2390625,3.030183043537758
Five-way EEs,0.2,0.01,90.625,0.0,0.0,0.0,9.375,0.0
Five-way EEs,0.2,0.02,90.625,0.0,0.0,0.0,9.375,0.0
Five-way EEs,0.2,0.03,90.625,0.0,0.0,0.0,9.375,0.0
Five-way EEs,0.2,0.04,90.5671875,0.6732018149067559,0.0,0.0,9.4328125,0.6732018149067559
Five-way EEs,0.2,0.05,90.140625,1.8354553888272522,0.0,0.0,9.859375,1.8354553888272522
Five-way EEs,0.2,0.06,88.890625,3.2127902957359353,0.0,0.0,11.109375,3.2127902957359353
Five-way EEs,0.2,0.07,87.04375,4.074122796688878,0.0,0.0,12.95625,4.074122796688878
Five-way EEs,0.2,0.08,85.2859375,4.143752062122413,0.0,0.0,14.7140625,4.143752062122413
Five-way EEs,0.2,0.09,84.025,3.7277412312954343,0.0,0.0,15.975,3.7277412312954343
Five-way EEs,0.2,0.1,82.8234375,3.030183043537759,0.0,0.0,17.1765625,3.030183043537758
Six-way EEs,0.2,0.01,98.4375,0.0,0.0,0.0,1.5625,0.0
Six-way EEs,0.2,0.02,98.4375,0.0,0.0,0.0,1.5625,0.0
Six-way EEs,0.2,0.03,98.4375,0.0,0.0,0.0,1.5625,0.0
Six-way EEs,0.2,0.04,98.3796875,0.6732018149067559,0.0,0.0,1.6203125,0.6732018149067558
Six-way EEs,0.2,0.05,97.953125,1.8354553888272522,0.0,0.0,2.046875,1.8354553888272522
Six-way EEs,0.2,0.06,96.703125,3.2127902957359353,0.0,0.0,3.296875,3.2127902957359353
Six-way EEs,0.2,0.07,94.85625,4.074122796688878,0.0,0.0,5.14375,4.074122796688878
Six-way EEs,0.2,0.08,93.0984375,4.143752062122413,0.0,0.0,6.9015625,4.143752062122413
Six-way EEs,0.2,0.09,91.8375,3.7277412312954343,0.0,0.0,8.1625,3.7277412312954343
Six-way EEs,0.2,0.1,90.6359375,3.030183043537759,0.0,0.0,9.3640625,3.030183043537758
SMEs,0.3,0.01,100.0,0.0,0.0,0.0,0.0,0.0
SMEs,0.3,0.02,97.040625,3.930786687722319,0.0,0.0,2.959375,3.9307866877223194
SMEs,0.3,0.03,92.4859375,3.179416450363769,0.0,0.0,7.5140625,3.179416450363769
SMEs,0.3,0.04,90.9625,1.372284249891399,0.0,0.0,9.0375,1.372284249891399
SMEs,0.3,0.05,90.721875,0.633065150182033,0.0,0.0,9.278125,0.6330651501820331
SMEs,0.3,0.06,90.6625,0.39350190596742984,0.0,0.0,9.3375,0.3935019059674299
SMEs,0.3,0.07,90.6484375,0.2650499289638652,0.0,0.0,9.3515625,0.2650499289638652
SMEs,0.3,0.08,90.6359375,0.17781634442241243,0.0,0.0,9.3640625,0.17781634442241243
SMEs,0.3,0.09,90.6421875,0.22577449168085836,0.0,0.0,9.3578125,0.2257744916808584
SMEs,0.3,0.1,90.63125,0.09862333648787189,0.0,0.0,9.36875,0.09862333648787186
Pairwise EEs,0.3,0.01,100.0,0.0,0.0,0.0,0.0,0.0
Pairwise EEs,0.3,0.02,99.7296875,1.6215942375001675,0.0,0.0,0.2703125,1.6215942375001675
Pairwise EEs,0.3,0.03,87.0390625,9.911716625531813,0.0,0.0,12.9609375,9.911716625531813
Pairwise EEs,0.3,0.04,78.33125,4.8489327111746965,0.0,0.0,21.66875,4.848932711174697
Pairwise EEs,0.3,0.05,76.4171875,2.737877667298842,0.0,0.0,23.5828125,2.737877667298842
Pairwise EEs,0.3,0.06,74.9296875,3.344251933705616,0.0,0.0,25.0703125,3.344251933705616
Pairwise EEs,0.3,0.07,73.0109375,4.1027069831811955,0.0,0.0,26.9890625,4.102706983181196
Pairwise EEs,0.3,0.08,71.2265625,4.147775370887839,0.0,0.0,28.7734375,4.147775370887839
Pairwise EEs,0.3,0.09,69.9625,3.7277412312954343,0.0,0.0,30.0375,3.7277412312954343
Pairwise EEs,0.3,0.1,68.771875,3.0593909601218017,0.0,0.0,31.228125,3.0593909601218017
Three-way EEs,0.3,0.01,99.996875,0.06980721219902711,0.003125,0.06980721219902712,0.0,0.0
Three-way EEs,0.3,0.02,93.884375,11.040873546593811,0.0,0.0,6.115625,11.040873546593811
Three-way EEs,0.3,0.03,69.83125,4.85812785443117,0.0,0.0,30.16875,4.85812785443117
Three-way EEs,0.3,0.04,68.696875,0.6790028879725034,0.0,0.0,31.303125,0.6790028879725034
Three-way EEs,0.3,0.05,68.265625,1.8354553888272522,0.0,0.0,31.734375,1.8354553888272522
Three-way EEs,0.3,0.06,67.01875,3.2144753168285485,0.0,0.0,32.98125,3.2144753168285485
Three-way EEs,0.3,0.07,65.16875,4.074122796688878,0.0,0.0,34.83125,4.074122796688878
Three-way EEs,0.3,0.08,63.4109375,4.143752062122413,0.0,0.0,36.5890625,4.143752062122413
Three-way EEs,0.3,0.09,62.15,3.7277412312954343,0.0,0.0,37.85,3.7277412312954343
Three-way EEs,0.3,0.1,60.9484375,3.030183043537759,0.0,0.0,39.0515625,3.030183043537759
Four-way EEs,0.3,0.01,99.996875,0.06980721219902711,0.003125,0.06980721219902712,0.0,0.0
Four-way EEs,0.3,0.02,76.6640625,1.4361194117634335,0.0,0.0,23.3359375,1.4361194117634335
Four-way EEs,0.3,0.03,76.5625,0.0,0.0,0.0,23.4375,0.0
Four-way EEs,0.3,0.04,76.5046875,0.6732018149067559,0.0,0.0,23.4953125,0.6732018149067559
Four-way EEs,0.3,0.05,76.078125,1.8354553888272522,0.0,0.0,23.921875,1.8354553888272522
Four-way EEs,0.3,0.06,74.828125,3.2127902957359353,0.0,0.0,25.171875,3.2127902957359353
Four-way EEs,0.3,0.07,72.98125,4.074122796688878,0.0,0.0,27.01875,4.074122796688878
Four-way EEs,0.3,0.08,71.2234375,4.143752062122413,0.0,0.0,28.7765625,4.143752062122413
Four-way EEs,0.3,0.09,69.9625,3.7277412312954343,0.0,0.0,30.0375,3.7277412312954343
Four-way EEs,0.3,0.1,68.7609375,3.030183043537759,0.0,0.0,31.2390625,3.030183043537758
Five-way EEs,0.3,0.01,90.990625,1.6938854881233856,0.0,0.0,9.009375,1.6938854881233856
Five-way EEs,0.3,0.02,90.625,0.0,0.0,0.0,9.375,0.0
Five-way EEs,0.3,0.03,90.625,0.0,0.0,0.0,9.375,0.0
Five-way EEs,0.3,0.04,90.5671875,0.6732018149067559,0.0,0.0,9.4328125,0.6732018149067559
Five-way EEs,0.3,0.05,90.140625,1.8354553888272522,0.0,0.0,9.859375,1.8354553888272522
Five-way EEs,0.3,0.06,88.890625,3.2127902957359353,0.0,0.0,11.109375,3.2127902957359353
Five-way EEs,0.3,0.07,87.04375,4.074122796688878,0.0,0.0,12.95625,4.074122796688878
Five-way EEs,0.3,0.08,85.2859375,4.143752062122413,0.0,0.0,14.7140625,4.143752062122413
Five-way EEs,0.3,0.09,84.025,3.7277412312954343,0.0,0.0,15.975,3.7277412312954343
Five-way EEs,0.3,0.1,82.8234375,3.030183043537759,0.0,0.0,17.1765625,3.030183043537758
Six-way EEs,0.3,0.01,98.4375,0.0,0.0,0.0,1.5625,0.0
Six-way EEs,0.3,0.02,98.4375,0.0,0.0,0.0,1.5625,0.0
Six-way EEs,0.3,0.03,98.4375,0.0,0.0,0.0,1.5625,0.0
Six-way EEs,0.3,0.04,98.3796875,0.6732018149067559,0.0,0.0,1.6203125,0.6732018149067558
Six-way EEs,0.3,0.05,97.953125,1.8354553888272522,0.0,0.0,2.046875,1.8354553888272522
Six-way EEs,0.3,0.06,96.703125,3.2127902957359353,0.0,0.0,3.296875,3.2127902957359353
Six-way EEs,0.3,0.07,94.85625,4.074122796688878,0.0,0.0,5.14375,4.074122796688878
Six-way EEs,0.3,0.08,93.0984375,4.143752062122413,0.0,0.0,6.9015625,4.143752062122413
Six-way EEs,0.3,0.09,91.8375,3.7277412312954343,0.0,0.0,8.1625,3.7277412312954343
Six-way EEs,0.3,0.1,90.6359375,3.030183043537759,0.0,0.0,9.3640625,3.030183043537758
SMEs,0.5,0.01,100.0,0.0,0.0,0.0,0.0,0.0
SMEs,0.5,0.02,99.9765625,0.3306266245234192,0.0,0.0,0.0234375,0.3306266245234192
SMEs,0.5,0.03,98.3640625,3.2108485389136234,0.0,0.0,1.6359375,3.2108485389136234
SMEs,0.5,0.04,94.78125,4.087781909238799,0.0,0.0,5.21875,4.087781909238799
SMEs,0.5,0.05,92.3421875,3.0932760842824467,0.0,0.0,7.6578125,3.0932760842824476
SMEs,0.5,0.06,91.271875,1.9644074130319806,0.0,0.0,8.728125,1.964407413031981
SMEs,0.5,0.07,90.9890625,1.427539369805173,0.0,0.0,9.0109375,1.4275393698051728
SMEs,0.5,0.08,90.8265625,1.032148046475771,0.0,0.0,9.1734375,1.0321480464757709
SMEs,0.5,0.09,90.7109375,0.5633132142456362,0.0,0.0,9.2890625,0.5633132142456362
SMEs,0.5,0.1,90.6703125,0.45328391609867436,0.0,0.0,9.3296875,0.4532839160986744
Pairwise EEs,0.5,0.01,100.0,0.0,0.0,0.0,0.0,0.0
Pairwise EEs,0.5,0.02,100.0,0.0,0.0,0.0,0.0,0.0
Pairwise EEs,0.5,0.03,99.9734375,0.31526511041304583,0.0,0.0,0.0265625,0.3152651104130459
Pairwise EEs,0.5,0.04,96.9515625,6.672185846095997,0.0,0.0,3.0484375,6.672185846095997
Pairwise EEs,0.5,0.05,86.1921875,10.41924289757148,0.0,0.0,13.8078125,10.41924289757148
Pairwise EEs,0.5,0.06,78.36875,8.06795842360383,0.0,0.0,21.63125,8.06795842360383
Pairwise EEs,0.5,0.07,74.359375,6.4951717344020246,0.0,0.0,25.640625,6.4951717344020246
Pairwise EEs,0.5,0.08,71.6703125,5.041778337907544,0.0,0.0,28.3296875,5.041778337907544
Pairwise EEs,0.5,0.09,70.1203125,4.153979349201649,0.0,0.0,29.8796875,4.153979349201649
Pairwise EEs,0.5,0.1,68.8359375,3.3042257360603786,0.0,0.0,31.1640625,3.3042257360603786
Three-way EEs,0.5,0.01,99.996875,0.06980721219902711,0.003125,0.06980721219902712,0.0,0.0
Three-way EEs,0.5,0.02,100.0,0.0,0.0,0.0,0.0,0.0
Three-way EEs,0.5,0.03,98.3421875,6.074745807117673,0.0,0.0,1.6578125,6.074745807117673
Three-way EEs,0.5,0.04,78.2515625,13.326250875709334,0.0,0.0,21.7484375,13.32625087570933
Three-way EEs,0.5,0.05,69.2359375,5.326791209522272,0.0,0.0,30.7640625,5.326791209522272
Three-way EEs,0.5,0.06,67.0484375,3.302416477345605,0.0,0.0,32.9515625,3.302416477345604
Three-way EEs,0.5,0.07,65.16875,4.074122796688878,0.0,0.0,34.83125,4.074122796688878
Three-way EEs,0.5,0.08,63.4109375,4.143752062122413,0.0,0.0,36.5890625,4.143752062122413
Three-way EEs,0.5,0.09,62.15,3.7277412312954343,0.0,0.0,37.85,3.7277412312954343
Three-way EEs,0.5,0.1,60.9484375,3.030183043537759,0.0,0.0,39.0515625,3.030183043537759
Four-way EEs,0.5,0.01,99.996875,0.06980721219902711,0.003125,0.06980721219902712,0.0,0.0
Four-way EEs,0.5,0.02,99.4015625,3.0484014605763057,0.0,0.0,0.5984375,3.0484014605763057
Four-way EEs,0.5,0.03,77.4625,4.243625734557656,0.0,0.0,22.5375,4.243625734557655
Four-way EEs,0.5,0.04,76.5046875,0.6732018149067559,0.0,0.0,23.4953125,0.6732018149067559
Four-way EEs,0.5,0.05,76.078125,1.8354553888272522,0.0,0.0,23.921875,1.8354553888272522
Four-way EEs,0.5,0.06,74.828125,3.2127902957359353,0.0,0.0,25.171875,3.2127902957359353
Four-way EEs,0.5,0.07,72.98125,4.074122796688878,0.0,0.0,27.01875,4.074122796688878
Four-way EEs,0.5,0.08,71.2234375,4.143752062122413,0.0,0.0,28.7765625,4.143752062122413
Four-way EEs,0.5,0.09,69.9625,3.7277412312954343,0.0,0.0,30.0375,3.7277412312954343
Four-way EEs,0.5,0.1,68.7609375,3.030183043537759,0.0,0.0,31.2390625,3.030183043537758
Five-way EEs,0.5,0.01,100.0,0.0,0.0,0.0,0.0,0.0
Five-way EEs,0.5,0.02,90.625,0.0,0.0,0.0,9.375,0.0
Five-way EEs,0.5,0.03,90.625,0.0,0.0,0.0,9.375,0.0
Five-way EEs,0.5,0.04,90.5671875,0.6732018149067559,0.0,0.0,9.4328125,0.6732018149067559
Five-way EEs,0.5,0.05,90.140625,1.8354553888272522,0.0,0.0,9.859375,1.8354553888272522
Five-way EEs,0.5,0.06,88.890625,3.2127902957359353,0.0,0.0,11.109375,3.2127902957359353
Five-way EEs,0.5,0.07,87.04375,4.074122796688878,0.0,0.0,12.95625,4.074122796688878
Five-way EEs,0.5,0.08,85.2859375,4.143752062122413,0.0,0.0,14.7140625,4.143752062122413
Five-way EEs,0.5,0.09,84.025,3.7277412312954343,0.0,0.0,15.975,3.7277412312954343
Five-way EEs,0.5,0.1,82.8234375,3.030183043537759,0.0,0.0,17.1765625,3.030183043537758
Six-way EEs,0.5,0.01,98.4734375,0.23422390963296214,0.0,0.0,1.5265625,0.2342239096329622
Six-way EEs,0.5,0.02,98.4375,0.0,0.0,0.0,1.5625,0.0
Six-way EEs,0.5,0.03,98.4375,0.0,0.0,0.0,1.5625,0.0
Six-way EEs,0.5,0.04,98.3796875,0.6732018149067559,0.0,0.0,1.6203125,0.6732018149067558
Six-way EEs,0.5,0.05,97.953125,1.8354553888272522,0.0,0.0,2.046875,1.8354553888272522
Six-way EEs,0.5,0.06,96.703125,3.2127902957359353,0.0,0.0,3.296875,3.2127902957359353
Six-way EEs,0.5,0.07,94.85625,4.074122796688878,0.0,0.0,5.14375,4.074122796688878
Six-way EEs,0.5,0.08,93.0984375,4.143752062122413,0.0,0.0,6.9015625,4.143752062122413
Six-way EEs,0.5,0.09,91.8375,3.7277412312954343,0.0,0.0,8.1625,3.7277412312954343
Six-way EEs,0.5,0.1,90.6359375,3.030183043537759,0.0,0.0,9.3640625,3.030183043537758
SMEs,0.7,0.01,100.0,0.0,0.0,0.0,0.0,0.0
SMEs,0.7,0.02,100.0,0.0,0.0,0.0,0.0,0.0
SMEs,0.7,0.03,99.9078125,0.8141794541707313,0.0,0.0,0.0921875,0.8141794541707315
SMEs,0.7,0.04,98.95625,2.618190572704745,0.0,0.0,1.04375,2.6181905727047448
SMEs,0.7,0.05,95.95625,4.17110128593157,0.0,0.0,4.04375,4.171101285931569
SMEs,0.7,0.06,93.578125,3.826019829323288,0.0,0.0,6.421875,3.826019829323288
SMEs,0.7,0.07,92.2234375,3.0652375360392132,0.0,0.0,7.7765625,3.065237536039214
SMEs,0.7,0.08,91.6328125,2.473973410041779,0.0,0.0,8.3671875,2.473973410041779
SMEs,0.7,0.09,91.1765625,1.6685795500496077,0.0,0.0,8.8234375,1.6685795500496072
SMEs,0.7,0.1,90.8921875,1.2120801060960245,0.0,0.0,9.1078125,1.2120801060960245
Pairwise EEs,0.7,0.01,100.0,0.0,0.0,0.0,0.0,0.0
Pairwise EEs,0.7,0.02,100.0,0.0,0.0,0.0,0.0,0.0
Pairwise EEs,0.7,0.03,100.0,0.0,0.0,0.0,0.0,0.0
Pairwise EEs,0.7,0.04,99.9796875,0.2916103926367337,0.0,0.0,0.0203125,0.2916103926367337
Pairwise EEs,0.7,0.05,98.8078125,5.054592348408895,0.0,0.0,1.1921875,5.054592348408895
Pairwise EEs,0.7,0.06,93.128125,10.663028910533583,0.0,0.0,6.871875,10.663028910533583
Pairwise EEs,0.7,0.07,84.0265625,13.242707954374126,0.0,0.0,15.9734375,13.242707954374124
Pairwise EEs,0.7,0.08,76.7265625,11.226100373230402,0.0,0.0,23.2734375,11.226100373230402
Pairwise EEs,0.7,0.09,72.4078125,8.299613925273498,0.0,0.0,27.5921875,8.299613925273498
Pairwise EEs,0.7,0.1,69.7890625,5.713448490390348,0.0,0.0,30.2109375,5.713448490390348
Three-way EEs,0.7,0.01,99.996875,0.06980721219902711,0.003125,0.06980721219902712,0.0,0.0
Three-way EEs,0.7,0.02,100.0,0.0,0.0,0.0,0.0,0.0
Three-way EEs,0.7,0.03,100.0,0.0,0.0,0.0,0.0,0.0
Three-way EEs,0.7,0.04,99.1953125,4.388309832223991,0.0,0.0,0.8046875,4.388309832223991
Three-way EEs,0.7,0.05,87.5484375,14.577048041007608,0.0,0.0,12.4515625,14.577048041007608
Three-way EEs,0.7,0.06,71.678125,11.416532608321802,0.0,0.0,28.321875,11.4165326083218
Three-way EEs,0.7,0.07,65.771875,5.824828155995248,0.0,0.0,34.228125,5.824828155995248
Three-way EEs,0.7,0.08,63.5734375,4.761661005084649,0.0015625,0.04938587696649722,36.425,4.77283164117487
Three-way EEs,0.7,0.09,62.1703125,3.7967396452211144,0.0,0.0,37.8296875,3.7967396452211144
Three-way EEs,0.7,0.1,60.9484375,3.030183043537759,0.0,0.0,39.0515625,3.030183043537759
Four-way EEs,0.7,0.01,99.996875,0.06980721219902711,0.003125,0.06980721219902712,0.0,0.0
Four-way EEs,0.7,0.02,100.0,0.0,0.0,0.0,0.0,0.0
Four-way EEs,0.7,0.03,97.0453125,7.15398418687753,0.0,0.0,2.9546875,7.153984186877531
Four-way EEs,0.7,0.04,78.74375,6.5757277401440515,0.0,0.0,21.25625,6.575727740144052
Four-way EEs,0.7,0.05,76.15625,2.235194342780958,0.0,0.0,23.84375,2.235194342780958
Four-way EEs,0.7,0.06,74.828125,3.2127902957359353,0.0,0.0,25.171875,3.2127902957359353
Four-way EEs,0.7,0.07,72.98125,4.074122796688878,0.0,0.0,27.01875,4.074122796688878
Four-way EEs,0.7,0.08,71.2234375,4.143752062122413,0.0,0.0,28.7765625,4.143752062122413
Four-way EEs,0.7,0.09,69.9625,3.7277412312954343,0.0,0.0,30.0375,3.7277412312954343
Four-way EEs,0.7,0.1,68.7609375,3.030183043537759,0.0,0.0,31.2390625,3.030183043537758
Five-way EEs,0.7,0.01,100.0,0.0,0.0,0.0,0.0,0.0
Five-way EEs,0.7,0.02,93.7609375,4.2547511930597945,0.0,0.0,6.2390625,4.254751193059795
Five-way EEs,0.7,0.03,90.625,0.0,0.0,0.0,9.375,0.0
Five-way EEs,0.7,0.04,90.5671875,0.6732018149067559,0.0,0.0,9.4328125,0.6732018149067559
Five-way EEs,0.7,0.05,90.140625,1.8354553888272522,0.0,0.0,9.859375,1.8354553888272522
Five-way EEs,0.7,0.06,88.890625,3.2127902957359353,0.0,0.0,11.109375,3.2127902957359353
Five-way EEs,0.7,0.07,87.04375,4.074122796688878,0.0,0.0,12.95625,4.074122796688878
Five-way EEs,0.7,0.08,85.2859375,4.143752062122413,0.0,0.0,14.7140625,4.143752062122413
Five-way EEs,0.7,0.09,84.025,3.7277412312954343,0.0,0.0,15.975,3.7277412312954343
Five-way EEs,0.7,0.1,82.8234375,3.030183043537759,0.0,0.0,17.1765625,3.030183043537758
Six-way EEs,0.7,0.01,99.859375,0.4471590006641933,0.0,0.0,0.140625,0.4471590006641933
Six-way EEs,0.7,0.02,98.4375,0.0,0.0,0.0,1.5625,0.0
Six-way EEs,0.7,0.03,98.4375,0.0,0.0,0.0,1.5625,0.0
Six-way EEs,0.7,0.04,98.3796875,0.6732018149067559,0.0,0.0,1.6203125,0.6732018149067558
Six-way EEs,0.7,0.05,97.953125,1.8354553888272522,0.0,0.0,2.046875,1.8354553888272522
Six-way EEs,0.7,0.06,96.703125,3.2127902957359353,0.0,0.0,3.296875,3.2127902957359353
Six-way EEs,0.7,0.07,94.85625,4.074122796688878,0.0,0.0,5.14375,4.074122796688878
Six-way EEs,0.7,0.08,93.0984375,4.143752062122413,0.0,0.0,6.9015625,4.143752062122413
Six-way EEs,0.7,0.09,91.8375,3.7277412312954343,0.0,0.0,8.1625,3.7277412312954343
Six-way EEs,0.7,0.1,90.6359375,3.030183043537759,0.0,0.0,9.3640625,3.030183043537758
SMEs,1.0,0.01,100.0,0.0,0.0,0.0,0.0,0.0
SMEs,1.0,0.02,100.0,0.0,0.0,0.0,0.0,0.0
SMEs,1.0,0.03,100.0,0.0,0.0,0.0,0.0,0.0
SMEs,1.0,0.04,99.9421875,0.6732018149067559,0.0,0.0,0.0578125,0.6732018149067558
SMEs,1.0,0.05,99.515625,1.8354553888272522,0.0,0.0,0.484375,1.8354553888272522
SMEs,1.0,0.06,98.265625,3.2127902957359353,0.0,0.0,1.734375,3.2127902957359353
SMEs,1.0,0.07,96.41875,4.074122796688878,0.0,0.0,3.58125,4.074122796688878
SMEs,1.0,0.08,94.6609375,4.143752062122413,0.0,0.0,5.3390625,4.143752062122413
SMEs,1.0,0.09,93.4,3.7277412312954343,0.0,0.0,6.6,3.7277412312954343
SMEs,1.0,0.1,92.1984375,3.030183043537759,0.0,0.0,7.8015625,3.030183043537758
Pairwise EEs,1.0,0.01,100.0,0.0,0.0,0.0,0.0,0.0
Pairwise EEs,1.0,0.02,100.0,0.0,0.0,0.0,0.0,0.0
Pairwise EEs,1.0,0.03,100.0,0.0,0.0,0.0,0.0,0.0
Pairwise EEs,1.0,0.04,100.0,0.0,0.0,0.0,0.0,0.0
Pairwise EEs,1.0,0.05,100.0,0.0,0.0,0.0,0.0,0.0
Pairwise EEs,1.0,0.06,99.9671875,0.35133325859324793,0.0,0.0,0.0328125,0.35133325859324793
Pairwise EEs,1.0,0.07,99.1515625,4.163454458420766,0.0,0.0,0.8484375,4.163454458420766
Pairwise EEs,1.0,0.08,95.4125,10.0855597576436,0.0,0.0,4.5875,10.0855597576436
Pairwise EEs,1.0,0.09,89.3015625,13.663577035401227,0.0,0.0,10.6984375,13.663577035401223
Pairwise EEs,1.0,0.1,81.9359375,14.491400248159035,0.0,0.0,18.0640625,14.491400248159035
Three-way EEs,1.0,0.01,99.996875,0.06980721219902711,0.003125,0.06980721219902712,0.0,0.0
Three-way EEs,1.0,0.02,100.0,0.0,0.0,0.0,0.0,0.0
Three-way EEs,1.0,0.03,100.0,0.0,0.0,0.0,0.0,0.0
Three-way EEs,1.0,0.04,100.0,0.0,0.0,0.0,0.0,0.0
Three-way EEs,1.0,0.05,99.940625,1.3021879124669378,0.0,0.0,0.059375,1.3021879124669378
Three-way EEs,1.0,0.06,98.4140625,6.790096296433781,0.0015625,0.04938587696649722,1.584375,6.789921730725252
Three-way EEs,1.0,0.07,87.8796875,16.43598131945865,0.0046875,0.08545318071172074,12.115625,16.439065693018414
Three-way EEs,1.0,0.08,74.3140625,16.981742766934843,0.0078125,0.11020887484113973,25.678125,16.99319458222541
Three-way EEs,1.0,0.09,65.8046875,11.62396826318765,0.003125,0.06980721219902712,34.1921875,11.632317820240889
Three-way EEs,1.0,0.1,61.934375,6.629670376185758,0.0,0.0,38.065625,6.629670376185758
Four-way EEs,1.0,0.01,99.996875,0.06980721219902711,0.003125,0.06980721219902712,0.0,0.0
Four-way EEs,1.0,0.02,100.0,0.0,0.0,0.0,0.0,0.0
Four-way EEs,1.0,0.03,100.0,0.0,0.0,0.0,0.0,0.0
Four-way EEs,1.0,0.04,99.2,3.820258499107095,0.0,0.0,0.8,3.8202584991070956
Four-way EEs,1.0,0.05,85.428125,11.32847240846598,0.0,0.0,14.571875,11.328472408465979
Four-way EEs,1.0,0.06,75.7625,5.650518504969257,0.0,0.0,24.2375,5.650518504969257
Four-way EEs,1.0,0.07,72.984375,4.077466421918763,0.0,0.0,27.015625,4.077466421918763
Four-way EEs,1.0,0.08,71.2234375,4.143752062122413,0.0,0.0,28.7765625,4.143752062122413
Four-way EEs,1.0,0.09,69.9625,3.7277412312954343,0.0,0.0,30.0375,3.7277412312954343
Four-way EEs,1.0,0.1,68.7609375,3.030183043537759,0.0,0.0,31.2390625,3.030183043537758
Five-way EEs,1.0,0.01,100.0,0.0,0.0,0.0,0.0,0.0
Five-way EEs,1.0,0.02,100.0,0.0,0.0,0.0,0.0,0.0
Five-way EEs,1.0,0.03,92.70625,3.706049741638663,0.0,0.0,7.29375,3.706049741638663
Five-way EEs,1.0,0.04,90.5765625,0.7362658503174989,0.0,0.0,9.4234375,0.7362658503174991
Five-way EEs,1.0,0.05,90.140625,1.8354553888272522,0.0,0.0,9.859375,1.8354553888272522
Five-way EEs,1.0,0.06,88.890625,3.2127902957359353,0.0,0.0,11.109375,3.2127902957359353
Five-way EEs,1.0,0.07,87.04375,4.074122796688878,0.0,0.0,12.95625,4.074122796688878
Five-way EEs,1.0,0.08,85.2859375,4.143752062122413,0.0,0.0,14.7140625,4.143752062122413
Five-way EEs,1.0,0.09,84.025,3.7277412312954343,0.0,0.0,15.975,3.7277412312954343
Five-way EEs,1.0,0.1,82.8234375,3.030183043537759,0.0,0.0,17.1765625,3.030183043537758
Six-way EEs,1.0,0.01,100.0,0.0,0.0,0.0,0.0,0.0
Six-way EEs,1.0,0.02,98.4828125,0.2621975564221566,0.0,0.0,1.5171875,0.2621975564221566
Six-way EEs,1.0,0.03,98.4375,0.0,0.0,0.0,1.5625,0.0
Six-way EEs,1.0,0.04,98.3796875,0.6732018149067559,0.0,0.0,1.6203125,0.6732018149067558
Six-way EEs,1.0,0.05,97.953125,1.8354553888272522,0.0,0.0,2.046875,1.8354553888272522
Six-way EEs,1.0,0.06,96.703125,3.2127902957359353,0.0,0.0,3.296875,3.2127902957359353
Six-way EEs,1.0,0.07,94.85625,4.074122796688878,0.0,0.0,5.14375,4.074122796688878
Six-way EEs,1.0,0.08,93.0984375,4.143752062122413,0.0,0.0,6.9015625,4.143752062122413
Six-way EEs,1.0,0.09,91.8375,3.7277412312954343,0.0,0.0,8.1625,3.7277412312954343
Six-way EEs,1.0,0.1,90.6359375,3.030183043537759,0.0,0.0,9.3640625,3.030183043537758
SMEs,1.3,0.01,100.0,0.0,0.0,0.0,0.0,0.0
SMEs,1.3,0.02,100.0,0.0,0.0,0.0,0.0,0.0
SMEs,1.3,0.03,100.0,0.0,0.0,0.0,0.0,0.0
SMEs,1.3,0.04,100.0,0.0,0.0,0.0,0.0,0.0
SMEs,1.3,0.05,99.9921875,0.11020887484113973,0.0,0.0,0.0078125,0.11020887484113973
SMEs,1.3,0.06,99.8484375,1.0145318636414282,0.0,0.0,0.1515625,1.0145318636414287
SMEs,1.3,0.07,99.084375,2.533276580710247,0.0,0.0,0.915625,2.533276580710247
SMEs,1.3,0.08,97.98125,3.501093579154947,0.0,0.0,2.01875,3.5010935791549476
SMEs,1.3,0.09,96.6671875,4.049049548485885,0.0,0.0,3.3328125,4.049049548485885
SMEs,1.3,0.1,95.153125,4.157423471559639,0.0,0.0,4.846875,4.157423471559639
Pairwise EEs,1.3,0.01,100.0,0.0,0.0,0.0,0.0,0.0
Pairwise EEs,1.3,0.02,100.0,0.0,0.0,0.0,0.0,0.0
Pairwise EEs,1.3,0.03,100.0,0.0,0.0,0.0,0.0,0.0
Pairwise EEs,1.3,0.04,100.0,0.0,0.0,0.0,0.0,0.0
Pairwise EEs,1.3,0.05,100.0,0.0,0.0,0.0,0.0,0.0
Pairwise EEs,1.3,0.06,100.0,0.0,0.0,0.0,0.0,0.0
Pairwise EEs,1.3,0.07,99.9875,0.31224989991991997,0.0,0.0,0.0125,0.31224989991991997
Pairwise EEs,1.3,0.08,99.634375,3.135624127964797,0.0,0.0,0.365625,3.135624127964797
Pairwise EEs,1.3,0.09,98.3984375,6.298711542041257,0.0,0.0,1.6015625,6.298711542041257
Pairwise EEs,1.3,0.1,96.353125,9.094292831736562,0.0,0.0,3.646875,9.094292831736562
Three-way EEs,1.3,0.01,99.996875,0.06980721219902711,0.003125,0.06980721219902712,0.0,0.0
Three-way EEs,1.3,0.02,100.0,0.0,0.0,0.0,0.0,0.0
Three-way EEs,1.3,0.03,100.0,0.0,0.0,0.0,0.0,0.0
Three-way EEs,1.3,0.04,100.0,0.0,0.0,0.0,0.0,0.0
Three-way EEs,1.3,0.05,100.0,0.0,0.0,0.0,0.0,0.0
Three-way EEs,1.3,0.06,99.9984375,0.04938587696649721,0.0015625,0.04938587696649722,0.0,0.0
Three-way EEs,1.3,0.07,99.878125,1.3904634737651327,0.0078125,0.11020887484113973,0.1140625,1.3867317340941434
Three-way EEs,1.3,0.08,97.2078125,9.238542180511693,0.0078125,0.11020887484113973,2.784375,9.240239254714947
Three-way EEs,1.3,0.09,88.284375,17.056317274968094,0.0046875,0.08545318071172074,11.7109375,17.059178291021045
Three-way EEs,1.3,0.1,76.9484375,18.756118207530143,0.0046875,0.08545318071172073,23.046875,18.761422302077072
Four-way EEs,1.3,0.01,99.996875,0.06980721219902711,0.003125,0.06980721219902712,0.0,0.0
Four-way EEs,1.3,0.02,100.0,0.0,0.0,0.0,0.0,0.0
Four-way EEs,1.3,0.03,100.0,0.0,0.0,0.0,0.0,0.0
Four-way EEs,1.3,0.04,100.0,0.0,0.0,0.0,0.0,0.0
Four-way EEs,1.3,0.05,99.6921875,2.410604319168484,0.0,0.0,0.3078125,2.410604319168484
Four-way EEs,1.3,0.06,91.6015625,11.81030640594662,0.0,0.0,8.3984375,11.81030640594662
Four-way EEs,1.3,0.07,77.325,10.687072359865446,0.0015625,0.049385876966497225,22.6734375,10.690272735171154
Four-way EEs,1.3,0.08,71.8125,5.836392427047722,0.0015625,0.049385876966497225,28.1859375,5.843724724210044
Four-way EEs,1.3,0.09,70.1609375,4.462186777785501,0.0,0.0,29.8390625,4.4621867777855
Four-way EEs,1.3,0.1,68.7609375,3.030183043537759,0.0,0.0,31.2390625,3.030183043537758
Five-way EEs,1.3,0.01,100.0,0.0,0.0,0.0,0.0,0.0
Five-way EEs,1.3,0.02,100.0,0.0,0.0,0.0,0.0,0.0
Five-way EEs,1.3,0.03,99.6703125,1.5597467931025697,0.0,0.0,0.3296875,1.5597467931025697
Five-way EEs,1.3,0.04,91.909375,3.224326177184157,0.0,0.0,8.090625,3.224326177184157
Five-way EEs,1.3,0.05,90.1734375,1.9171556639573504,0.0,0.0,9.8265625,1.917155663957351
Five-way EEs,1.3,0.06,88.890625,3.2127902957359353,0.0,0.0,11.109375,3.2127902957359353
Five-way EEs,1.3,0.07,87.04375,4.074122796688878,0.0,0.0,12.95625,4.074122796688878
Five-way EEs,1.3,0.08,85.2859375,4.143752062122413,0.0,0.0,14.7140625,4.143752062122413
Five-way EEs,1.3,0.09,84.025,3.7277412312954343,0.0,0.0,15.975,3.7277412312954343
Five-way EEs,1.3,0.1,82.8234375,3.030183043537759,0.0,0.0,17.1765625,3.030183043537758
Six-way EEs,1.3,0.01,100.0,0.0,0.0,0.0,0.0,0.0
Six-way EEs,1.3,0.02,99.5609375,0.7023241967522904,0.0,0.0,0.4390625,0.7023241967522906
Six-way EEs,1.3,0.03,98.4375,0.0,0.0,0.0,1.5625,0.0
Six-way EEs,1.3,0.04,98.3796875,0.6732018149067559,0.0,0.0,1.6203125,0.6732018149067558
Six-way EEs,1.3,0.05,97.953125,1.8354553888272522,0.0,0.0,2.046875,1.8354553888272522
Six-way EEs,1.3,0.06,96.703125,3.2127902957359353,0.0,0.0,3.296875,3.2127902957359353
Six-way EEs,1.3,0.07,94.85625,4.074122796688878,0.0,0.0,5.14375,4.074122796688878
Six-way EEs,1.3,0.08,93.0984375,4.143752062122413,0.0,0.0,6.9015625,4.143752062122413
Six-way EEs,1.3,0.09,91.8375,3.7277412312954343,0.0,0.0,8.1625,3.7277412312954343
Six-way EEs,1.3,0.1,90.6359375,3.030183043537759,0.0,0.0,9.3640625,3.030183043537758
SMEs,1.5,0.01,100.0,0.0,0.0,0.0,0.0,0.0
SMEs,1.5,0.02,100.0,0.0,0.0,0.0,0.0,0.0
SMEs,1.5,0.03,100.0,0.0,0.0,0.0,0.0,0.0
SMEs,1.5,0.04,100.0,0.0,0.0,0.0,0.0,0.0
SMEs,1.5,0.05,100.0,0.0,0.0,0.0,0.0,0.0
SMEs,1.5,0.06,99.9921875,0.11020887484113973,0.0,0.0,0.0078125,0.11020887484113973
SMEs,1.5,0.07,99.7984375,1.1779623146959117,0.0,0.0,0.2015625,1.1779623146959115
SMEs,1.5,0.08,99.228125,2.3364281466321626,0.0,0.0,0.771875,2.336428146632162
SMEs,1.5,0.09,98.3125,3.2361483664999047,0.0,0.0,1.6875,3.2361483664999047
SMEs,1.5,0.1,97.215625,3.8338528576844215,0.0,0.0,2.784375,3.833852857684421
Pairwise EEs,1.5,0.01,100.0,0.0,0.0,0.0,0.0,0.0
Pairwise EEs,1.5,0.02,100.0,0.0,0.0,0.0,0.0,0.0
Pairwise EEs,1.5,0.03,100.0,0.0,0.0,0.0,0.0,0.0
Pairwise EEs,1.5,0.04,100.0,0.0,0.0,0.0,0.0,0.0
Pairwise EEs,1.5,0.05,100.0,0.0,0.0,0.0,0.0,0.0
Pairwise EEs,1.5,0.06,100.0,0.0,0.0,0.0,0.0,0.0
Pairwise EEs,1.5,0.07,99.9890625,0.3003537952877406,0.0,0.0,0.0109375,0.30035379528774053
Pairwise EEs,1.5,0.08,99.8671875,1.5701181471767498,0.0,0.0,0.1328125,1.5701181471767498
Pairwise EEs,1.5,0.09,99.4625,3.3880188717006887,0.0,0.0,0.5375,3.3880188717006883
Pairwise EEs,1.5,0.1,98.4828125,6.019207334325157,0.0,0.0,1.5171875,6.019207334325157
Three-way EEs,1.5,0.01,99.996875,0.06980721219902711,0.003125,0.06980721219902712,0.0,0.0
Three-way EEs,1.5,0.02,100.0,0.0,0.0,0.0,0.0,0.0
Three-way EEs,1.5,0.03,100.0,0.0,0.0,0.0,0.0,0.0
Three-way EEs,1.5,0.04,100.0,0.0,0.0,0.0,0.0,0.0
Three-way EEs,1.5,0.05,100.0,0.0,0.0,0.0,0.0,0.0
Three-way EEs,1.5,0.06,99.9984375,0.04938587696649721,0.0015625,0.04938587696649722,0.0,0.0
Three-way EEs,1.5,0.07,99.9890625,0.1478276947792598,0.0078125,0.11020887484113973,0.003125,0.09877175393299444
Three-way EEs,1.5,0.08,99.753125,2.605693510732795,0.0078125,0.11020887484113973,0.2390625,2.604079113111533
Three-way EEs,1.5,0.09,97.9828125,7.869839423939587,0.0046875,0.08545318071172074,2.0125,7.870574153135209
Three-way EEs,1.5,0.1,92.2328125,14.708774402838385,0.0046875,0.08545318071172073,7.7625,14.710999817313573
Four-way EEs,1.5,0.01,99.996875,0.06980721219902711,0.003125,0.06980721219902712,0.0,0.0
Four-way EEs,1.5,0.02,100.0,0.0,0.0,0.0,0.0,0.0
Four-way EEs,1.5,0.03,100.0,0.0,0.0,0.0,0.0,0.0
Four-way EEs,1.5,0.04,100.0,0.0,0.0,0.0,0.0,0.0
Four-way EEs,1.5,0.05,99.99375,0.1208692475363357,0.0,0.0,0.00625,0.12086924753633574
Four-way EEs,1.5,0.06,99.0140625,4.631129542546153,0.0,0.0,0.9859375,4.631129542546154
Four-way EEs,1.5,0.07,89.6453125,13.138559866708897,0.003125,0.06980721219902714,10.3515625,13.1406505461999
Four-way EEs,1.5,0.08,76.815625,11.837291692332965,0.0015625,0.049385876966497225,23.1828125,11.840248389860482
Four-way EEs,1.5,0.09,71.309375,7.191058222499314,0.0,0.0,28.690625,7.191058222499314
Four-way EEs,1.5,0.1,68.9234375,3.735217935722593,0.0,0.0,31.0765625,3.7352179357225928
Five-way EEs,1.5,0.01,100.0,0.0,0.0,0.0,0.0,0.0
Five-way EEs,1.5,0.02,100.0,0.0,0.0,0.0,0.0,0.0
Five-way EEs,1.5,0.03,99.9984375,0.04938587696649721,0.0,0.0,0.0015625,0.04938587696649722
Five-way EEs,1.5,0.04,96.328125,4.408770334160649,0.0,0.0,3.671875,4.408770334160649
Five-way EEs,1.5,0.05,90.515625,2.580302111066648,0.0,0.0,9.484375,2.580302111066648
Five-way EEs,1.5,0.06,88.8921875,3.214013125532276,0.0,0.0,11.1078125,3.214013125532276
Five-way EEs,1.5,0.07,87.04375,4.074122796688878,0.0,0.0,12.95625,4.074122796688878
Five-way EEs,1.5,0.08,85.2859375,4.143752062122413,0.0,0.0,14.7140625,4.143752062122413
Five-way EEs,1.5,0.09,84.025,3.7277412312954343,0.0,0.0,15.975,3.7277412312954343
Five-way EEs,1.5,0.1,82.8234375,3.030183043537759,0.0,0.0,17.1765625,3.030183043537758
Six-way EEs,1.5,0.01,100.0,0.0,0.0,0.0,0.0,0.0
Six-way EEs,1.5,0.02,99.98125,0.1701332198602024,0.0,0.0,0.01875,0.17013321986020252
Six-way EEs,1.5,0.03,98.4765625,0.24394523431243742,0.0,0.0,1.5234375,0.24394523431243742
Six-way EEs,1.5,0.04,98.3796875,0.6732018149067559,0.0,0.0,1.6203125,0.6732018149067558
Six-way EEs,1.5,0.05,97.953125,1.8354553888272522,0.0,0.0,2.046875,1.8354553888272522
Six-way EEs,1.5,0.06,96.703125,3.2127902957359353,0.0,0.0,3.296875,3.2127902957359353
Six-way EEs,1.5,0.07,94.85625,4.074122796688878,0.0,0.0,5.14375,4.074122796688878
Six-way EEs,1.5,0.08,93.0984375,4.143752062122413,0.0,0.0,6.9015625,4.143752062122413
Six-way EEs,1.5,0.09,91.8375,3.7277412312954343,0.0,0.0,8.1625,3.7277412312954343
Six-way EEs,1.5,0.1,90.6359375,3.030183043537759,0.0,0.0,9.3640625,3.030183043537758
SMEs,1.7,0.01,100.0,0.0,0.0,0.0,0.0,0.0
SMEs,1.7,0.02,100.0,0.0,0.0,0.0,0.0,0.0
SMEs,1.7,0.03,100.0,0.0,0.0,0.0,0.0,0.0
SMEs,1.7,0.04,100.0,0.0,0.0,0.0,0.0,0.0
SMEs,1.7,0.05,100.0,0.0,0.0,0.0,0.0,0.0
SMEs,1.7,0.06,100.0,0.0,0.0,0.0,0.0,0.0
SMEs,1.7,0.07,99.9515625,0.6092527922330352,0.0,0.0,0.0484375,0.6092527922330352
SMEs,1.7,0.08,99.7734375,1.2770271492195262,0.0,0.0,0.2265625,1.2770271492195262
SMEs,1.7,0.09,99.2,2.351993835025934,0.0,0.0,0.8,2.351993835025934
SMEs,1.7,0.1,98.6359375,2.9895941764466545,0.0,0.0,1.3640625,2.9895941764466545
Pairwise EEs,1.7,0.01,100.0,0.0,0.0,0.0,0.0,0.0
Pairwise EEs,1.7,0.02,100.0,0.0,0.0,0.0,0.0,0.0
Pairwise EEs,1.7,0.03,100.0,0.0,0.0,0.0,0.0,0.0
Pairwise EEs,1.7,0.04,100.0,0.0,0.0,0.0,0.0,0.0
Pairwise EEs,1.7,0.05,100.0,0.0,0.0,0.0,0.0,0.0
Pairwise EEs,1.7,0.06,100.0,0.0,0.0,0.0,0.0,0.0
Pairwise EEs,1.7,0.07,99.9890625,0.3003537952877406,0.0,0.0,0.0109375,0.30035379528774053
Pairwise EEs,1.7,0.08,99.91875,0.6905047972317063,0.0,0.0,0.08125,0.6905047972317063
Pairwise EEs,1.7,0.09,99.734375,1.2174472203652198,0.0,0.0,0.265625,1.2174472203652198
Pairwise EEs,1.7,0.1,99.1953125,3.8722819978784795,0.0,0.0,0.8046875,3.8722819978784795
Three-way EEs,1.7,0.01,99.996875,0.06980721219902711,0.003125,0.06980721219902712,0.0,0.0
Three-way EEs,1.7,0.02,100.0,0.0,0.0,0.0,0.0,0.0
Three-way EEs,1.7,0.03,100.0,0.0,0.0,0.0,0.0,0.0
Three-way EEs,1.7,0.04,100.0,0.0,0.0,0.0,0.0,0.0
Three-way EEs,1.7,0.05,100.0,0.0,0.0,0.0,0.0,0.0
Three-way EEs,1.7,0.06,99.9984375,0.04938587696649721,0.0015625,0.04938587696649722,0.0,0.0
Three-way EEs,1.7,0.07,99.9890625,0.1478276947792598,0.0078125,0.11020887484113973,0.003125,0.09877175393299444
Three-way EEs,1.7,0.08,99.975,0.2081353225668339,0.0078125,0.11020887484113973,0.0171875,0.17732137799416625
Three-way EEs,1.7,0.09,99.7125,2.670981210154799,0.0046875,0.08545318071172074,0.2828125,2.67011043705944
Three-way EEs,1.7,0.1,98.5625,6.504505649932207,0.0046875,0.08545318071172073,1.4328125,6.504976873217441
Four-way EEs,1.7,0.01,99.996875,0.06980721219902711,0.003125,0.06980721219902712,0.0,0.0
Four-way EEs,1.7,0.02,100.0,0.0,0.0,0.0,0.0,0.0
Four-way EEs,1.7,0.03,100.0,0.0,0.0,0.0,0.0,0.0
Four-way EEs,1.7,0.04,100.0,0.0,0.0,0.0,0.0,0.0
Four-way EEs,1.7,0.05,100.0,0.0,0.0,0.0,0.0,0.0
Four-way EEs,1.7,0.06,99.98125,0.23099648265720413,0.0,0.0,0.01875,0.23099648265720416
Four-way EEs,1.7,0.07,98.5015625,5.790389524016821,0.003125,0.06980721219902714,1.4953125,5.790775724900228
Four-way EEs,1.7,0.08,87.8609375,14.202397791476754,0.0015625,0.049385876966497225,12.1375,14.203647198871142
Four-way EEs,1.7,0.09,76.6453125,12.698635718890975,0.0,0.0,23.3546875,12.698635718890976
Four-way EEs,1.7,0.1,70.6078125,7.7791913378637085,0.0,0.0,29.3921875,7.779191337863708
Five-way EEs,1.7,0.01,100.0,0.0,0.0,0.0,0.0,0.0
Five-way EEs,1.7,0.02,100.0,0.0,0.0,0.0,0.0,0.0
Five-way EEs,1.7,0.03,100.0,0.0,0.0,0.0,0.0,0.0
Five-way EEs,1.7,0.04,99.4984375,2.0336278149759237,0.0,0.0,0.5015625,2.0336278149759237
Five-way EEs,1.7,0.05,92.5734375,4.566669488242361,0.0,0.0,7.4265625,4.566669488242361
Five-way EEs,1.7,0.06,88.9515625,3.313811282321875,0.0,0.0,11.0484375,3.313811282321875
Five-way EEs,1.7,0.07,87.04375,4.074122796688878,0.0,0.0,12.95625,4.074122796688878
Five-way EEs,1.7,0.08,85.2859375,4.143752062122413,0.0,0.0,14.7140625,4.143752062122413
Five-way EEs,1.7,0.09,84.025,3.7277412312954343,0.0,0.0,15.975,3.7277412312954343
Five-way EEs,1.7,0.1,82.8234375,3.030183043537759,0.0,0.0,17.1765625,3.030183043537758
Six-way EEs,1.7,0.01,100.0,0.0,0.0,0.0,0.0,0.0
Six-way EEs,1.7,0.02,100.0,0.0,0.0,0.0,0.0,0.0
Six-way EEs,1.7,0.03,98.7171875,0.5989879974538305,0.0,0.0,1.2828125,0.5989879974538304
Six-way EEs,1.7,0.04,98.38125,0.6751446604247123,0.0,0.0,1.61875,0.6751446604247123
Six-way EEs,1.7,0.05,97.953125,1.8354553888272522,0.0,0.0,2.046875,1.8354553888272522
Six-way EEs,1.7,0.06,96.703125,3.2127902957359353,0.0,0.0,3.296875,3.2127902957359353
Six-way EEs,1.7,0.07,94.85625,4.074122796688878,0.0,0.0,5.14375,4.074122796688878
Six-way EEs,1.7,0.08,93.0984375,4.143752062122413,0.0,0.0,6.9015625,4.143752062122413
Six-way EEs,1.7,0.09,91.8375,3.7277412312954343,0.0,0.0,8.1625,3.7277412312954343
Six-way EEs,1.7,0.1,90.6359375,3.030183043537759,0.0,0.0,9.3640625,3.030183043537758
SMEs,2.0,0.01,100.0,0.0,0.0,0.0,0.0,0.0
SMEs,2.0,0.02,100.0,0.0,0.0,0.0,0.0,0.0
SMEs,2.0,0.03,100.0,0.0,0.0,0.0,0.0,0.0
SMEs,2.0,0.04,100.0,0.0,0.0,0.0,0.0,0.0
SMEs,2.0,0.05,100.0,0.0,0.0,0.0,0.0,0.0
SMEs,2.0,0.06,100.0,0.0,0.0,0.0,0.0,0.0
SMEs,2.0,0.07,99.9890625,0.3003537952877406,0.0,0.0,0.0109375,0.30035379528774053
SMEs,2.0,0.08,99.9625,0.5262262464947943,0.0,0.0,0.0375,0.5262262464947943
SMEs,2.0,0.09,99.815625,1.1755940984774464,0.0,0.0,0.184375,1.1755940984774464
SMEs,2.0,0.1,99.625,1.6390617552429194,0.0,0.0,0.375,1.6390617552429194
Pairwise EEs,2.0,0.01,100.0,0.0,0.0,0.0,0.0,0.0
Pairwise EEs,2.0,0.02,100.0,0.0,0.0,0.0,0.0,0.0
Pairwise EEs,2.0,0.03,100.0,0.0,0.0,0.0,0.0,0.0
Pairwise EEs,2.0,0.04,100.0,0.0,0.0,0.0,0.0,0.0
Pairwise EEs,2.0,0.05,100.0,0.0,0.0,0.0,0.0,0.0
Pairwise EEs,2.0,0.06,100.0,0.0,0.0,0.0,0.0,0.0
Pairwise EEs,2.0,0.07,99.9890625,0.3003537952877406,0.0,0.0,0.0109375,0.30035379528774053
Pairwise EEs,2.0,0.08,99.91875,0.6905047972317063,0.0,0.0,0.08125,0.6905047972317063
Pairwise EEs,2.0,0.09,99.7421875,1.1627509389777977,0.0,0.0,0.2578125,1.1627509389777977
Pairwise EEs,2.0,0.1,99.5140625,1.7707192824792275,0.0,0.0,0.4859375,1.7707192824792275
Three-way EEs,2.0,0.01,99.996875,0.06980721219902711,0.003125,0.06980721219902712,0.0,0.0
Three-way EEs,2.0,0.02,100.0,0.0,0.0,0.0,0.0,0.0
Three-way EEs,2.0,0.03,100.0,0.0,0.0,0.0,0.0,0.0
Three-way EEs,2.0,0.04,100.0,0.0,0.0,0.0,0.0,0.0
Three-way EEs,2.0,0.05,100.0,0.0,0.0,0.0,0.0,0.0
Three-way EEs,2.0,0.06,99.9984375,0.04938587696649721,0.0015625,0.04938587696649722,0.0,0.0
Three-way EEs,2.0,0.07,99.9890625,0.1478276947792598,0.0078125,0.11020887484113973,0.003125,0.09877175393299444
Three-way EEs,2.0,0.08,99.975,0.2081353225668339,0.0078125,0.11020887484113973,0.0171875,0.17732137799416625
Three-way EEs,2.0,0.09,99.928125,0.5226416524493621,0.0046875,0.08545318071172074,0.0671875,0.5162188814773728
Three-way EEs,2.0,0.1,99.85625,0.650900818097504,0.0046875,0.08545318071172073,0.1390625,0.6462765196444552
Four-way EEs,2.0,0.01,99.996875,0.06980721219902711,0.003125,0.06980721219902712,0.0,0.0
Four-way EEs,2.0,0.02,100.0,0.0,0.0,0.0,0.0,0.0
Four-way EEs,2.0,0.03,100.0,0.0,0.0,0.0,0.0,0.0
Four-way EEs,2.0,0.04,100.0,0.0,0.0,0.0,0.0,0.0
Four-way EEs,2.0,0.05,100.0,0.0,0.0,0.0,0.0,0.0
Four-way EEs,2.0,0.06,100.0,0.0,0.0,0.0,0.0,0.0
Four-way EEs,2.0,0.07,99.940625,1.105468473939895,0.0046875,0.08545318071172074,0.0546875,1.1023933037231994
Four-way EEs,2.0,0.08,98.690625,5.768092290512956,0.003125,0.06980721219902714,1.30625,5.768377561108496
Four-way EEs,2.0,0.09,91.771875,13.255972636773018,0.0015625,0.04938587696649722,8.2265625,13.25685028918422
Four-way EEs,2.0,0.1,80.271875,14.916116689989222,0.0,0.0,19.728125,14.916116689989218
Five-way EEs,2.0,0.01,100.0,0.0,0.0,0.0,0.0,0.0
Five-way EEs,2.0,0.02,100.0,0.0,0.0,0.0,0.0,0.0
Five-way EEs,2.0,0.03,100.0,0.0,0.0,0.0,0.0,0.0
Five-way EEs,2.0,0.04,100.0,0.0,0.0,0.0,0.0,0.0
Five-way EEs,2.0,0.05,98.45,3.6902585021242076,0.0,0.0,1.55,3.6902585021242076
Five-way EEs,2.0,0.06,90.890625,5.25267324053905,0.0,0.0,9.109375,5.25267324053905
Five-way EEs,2.0,0.07,87.2109375,4.351155726050695,0.0,0.0,12.7890625,4.351155726050695
Five-way EEs,2.0,0.08,85.3046875,4.167798511635819,0.0,0.0,14.6953125,4.167798511635819
Five-way EEs,2.0,0.09,84.025,3.7277412312954343,0.0,0.0,15.975,3.7277412312954343
Five-way EEs,2.0,0.1,82.8234375,3.030183043537759,0.0,0.0,17.1765625,3.030183043537758
Six-way EEs,2.0,0.01,100.0,0.0,0.0,0.0,0.0,0.0
Six-way EEs,2.0,0.02,100.0,0.0,0.0,0.0,0.0,0.0
Six-way EEs,2.0,0.03,99.6390625,0.6585506547288142,0.0,0.0,0.3609375,0.6585506547288145
Six-way EEs,2.0,0.04,98.4359375,0.6647496444856138,0.0,0.0,1.5640625,0.6647496444856138
Six-way EEs,2.0,0.05,97.953125,1.8354553888272522,0.0,0.0,2.046875,1.8354553888272522
Six-way EEs,2.0,0.06,96.703125,3.2127902957359353,0.0,0.0,3.296875,3.2127902957359353
Six-way EEs,2.0,0.07,94.85625,4.074122796688878,0.0,0.0,5.14375,4.074122796688878
Six-way EEs,2.0,0.08,93.0984375,4.143752062122413,0.0,0.0,6.9015625,4.143752062122413
Six-way EEs,2.0,0.09,91.8375,3.7277412312954343,0.0,0.0,8.1625,3.7277412312954343
Six-way EEs,2.0,0.1,90.6359375,3.030183043537759,0.0,0.0,9.3640625,3.030183043537758
